{
  "Jwt": {
    "Enabled": false,
    "Authority": "http://host.docker.internal/keycloak/realms/Mercury",
    "Audience": "mercury-app",
    "ValidIssuers": [
      "http://host.docker.internal/keycloak",
      "http://localhost/keycloak"
    ]
  },
  "Database": {
    "SqlTimeout": "300000",
    "EnableSensitiveDataLogging": true
  },
  "Provider": "Mssql",
  "ConnectionStrings": {
    "MariaDb": "Server=localhost;Port=7704;Database=mercury;User=root;Password=Welcome1234;",
    "Mssql": "Server=host.docker.internal,7703;Initial Catalog=mercury;Persist Security Info=True;User ID=sa;Password=Welcome1234;TrustServerCertificate=True"
  }
}
